id,title,score,num_comments,author,created_utc,url,over_18,edited,spoiler,stickied
1lpd4t0,How do you upskill when your job is so demanding?,28,12,thro0away12,2025-07-01 20:53:11,https://www.reddit.com/r/dataengineering/comments/1lpd4t0/how_do_you_upskill_when_your_job_is_so_demanding/,False,True,False,False
1lp130e,Is there a downside to adding an index at the start of a pipeline and removing it at the end?,22,21,IG-55,2025-07-01 13:01:56,https://www.reddit.com/r/dataengineering/comments/1lp130e/is_there_a_downside_to_adding_an_index_at_the/,False,True,False,False
1lovmfb,Has db-engine gone out of business? They haven't replied to my emails.,15,5,BatExciting722,2025-07-01 07:38:19,https://www.reddit.com/r/dataengineering/comments/1lovmfb/has_dbengine_gone_out_of_business_they_havent/,False,True,False,False
1lot8t1,“Do any organizations block 100% Excel exports that contain PII data from Data Lake / Databricks / DWH? How do you balance investigation needs vs. data leakage risk?”,15,26,DapperSpecific2810,2025-07-01 05:05:40,https://www.reddit.com/r/dataengineering/comments/1lot8t1/do_any_organizations_block_100_excel_exports_that/,False,True,False,False
1lopsgu,Would getting a masters in data science/engineering be worth it?,10,15,FiveFingerFishFillet,2025-07-01 02:00:04,https://www.reddit.com/r/dataengineering/comments/1lopsgu/would_getting_a_masters_in_data/,False,True,False,False
1los4xa,High School Intern - Advice please,6,7,OverallActuator9350,2025-07-01 04:02:11,https://www.reddit.com/r/dataengineering/comments/1los4xa/high_school_intern_advice_please/,False,True,False,False
1lopdad,Handling Bad Records in Streaming Pipelines Using Dead Letter Queues in PySpark,3,0,Santhu_477,2025-07-01 01:38:59,https://www.reddit.com/r/dataengineering/comments/1lopdad/handling_bad_records_in_streaming_pipelines_using/,False,True,False,False
1lp5hec,Monthly General Discussion - Jul 2025,3,1,AutoModerator,2025-07-01 16:01:06,https://www.reddit.com/r/dataengineering/comments/1lp5hec/monthly_general_discussion_jul_2025/,False,True,False,True
1lopgk8,"introducing cocoindex - ETL for AI, with dynamic index",3,0,Whole-Assignment6240,2025-07-01 01:43:29,https://www.reddit.com/r/dataengineering/comments/1lopgk8/introducing_cocoindex_etl_for_ai_with_dynamic/,False,True,False,False
1lp5p2k,Anyone using PgDuckdb in Production?,4,3,Lucky-Acadia-4828,2025-07-01 16:09:05,https://www.reddit.com/r/dataengineering/comments/1lp5p2k/anyone_using_pgduckdb_in_production/,False,True,False,False
1lp34rv,Running Embedded ELT Workloads in Snowflake Container Service,2,0,jekapats,2025-07-01 14:29:22,https://www.cloudquery.io/blog/running-embedded-elt-with-cloudquery-and-snowpark-container-service,False,True,False,False
1lp01n3,new SQL parameters syntax Databricks,2,5,mlobet,2025-07-01 12:12:46,https://www.reddit.com/r/dataengineering/comments/1lp01n3/new_sql_parameters_syntax_databricks/,False,True,False,False
1lop7h5,"AWS QuickSight embedding – lessons on dynamic filters, pivot saves, RLS & SPICE vs DirectQuery?",2,0,Former-Tea7701,2025-07-01 01:30:40,https://www.reddit.com/r/dataengineering/comments/1lop7h5/aws_quicksight_embedding_lessons_on_dynamic/,False,True,False,False
1lpd0ig,Data modelling (in Databricks) question,1,2,useyourname89,2025-07-01 20:48:34,https://www.reddit.com/r/dataengineering/comments/1lpd0ig/data_modelling_in_databricks_question/,False,True,False,False
1lpatuq,azure function to make pipeline?,1,0,Repeat-Apart,2025-07-01 19:23:04,https://www.reddit.com/r/dataengineering/comments/1lpatuq/azure_function_to_make_pipeline/,False,True,False,False
1lpa2fs,Favorite saved topics from this sub?,1,0,Oh_Another_Thing,2025-07-01 18:54:13,https://www.reddit.com/r/dataengineering/comments/1lpa2fs/favorite_saved_topics_from_this_sub/,False,True,False,False
1lpdxmq,META Behavioral round Tips,0,4,Grouchy-Method6979,2025-07-01 21:24:58,https://www.reddit.com/r/dataengineering/comments/1lpdxmq/meta_behavioral_round_tips/,False,True,False,False
1lp97hl,Validating Saas model,0,0,No-Spring5276,2025-07-01 18:21:09,https://www.reddit.com/r/dataengineering/comments/1lp97hl/validating_saas_model/,False,True,False,False
1lpbbha,Looking for learning buddy,0,4,Temporary-Marzipan42,2025-07-01 19:42:11,https://www.reddit.com/r/dataengineering/comments/1lpbbha/looking_for_learning_buddy/,False,True,False,False
1lp8890,Missed the Microsoft Fabric certification DP 700 voucher any way to still get it?,0,1,SnowOrnery,2025-07-01 17:44:10,https://www.reddit.com/r/dataengineering/comments/1lp8890/missed_the_microsoft_fabric_certification_dp_700/,False,True,False,False
1lp53vp,Two offers of Europe and Abu Dhabi,0,11,Pumpkin-Immediate,2025-07-01 15:46:32,https://www.reddit.com/r/dataengineering/comments/1lp53vp/two_offers_of_europe_and_abu_dhabi/,False,True,False,False
1loo5qs,Does it worth to normalize DB??,0,15,Karl_mstr,2025-07-01 00:39:17,https://www.reddit.com/r/dataengineering/comments/1loo5qs/does_it_worth_to_normalize_db/,False,True,False,False
1losykt,"Need Help: Building a ""ChatGPT with My Data"" System - Getting Limited Results",0,9,BulkyDrawing5433,2025-07-01 04:48:59,https://www.reddit.com/r/dataengineering/comments/1losykt/need_help_building_a_chatgpt_with_my_data_system/,False,True,False,False
